FullName,Email,CurrentAddress,PermanentAddress
Holaquetal,correu@correcte.com,hola,hola
,correomalo
FirstName,LastName,Email,Age,Salary,Department,NombresFiltros,Rows
PruevaNombre,PruevaApellido,Correo@correcto.com,23,1200,poidf,Kierra,2
,,CorreoIncorrecto,asdf,aqwer
FirstName,LastName,Email,Mobile,,Subjects,,Adress,State,City
PruevaName,PrevaLastName,Prueva@Email.com,1234567890,,English,Maths,Carrer Hola,NCR,Delhi
,,,PruevaEmail,gshdretsgd,12345
CampoAlert
hola
FechaDatePicker
3/3/20233,3/2023 18:30
fgdsajhk,-3/3/2023,fgdsajhk,-3/3/2023